accx,accy,accz
-0.508,0.233,0.141
-0.475,0.298,-0.147
-0.525,0.256,-0.076
-0.618,0.284,0.078
-0.618,0.284,0.078
-0.667,0.134,0.028
-0.732,0.092,-0.01
-0.839,0.153,-0.109
-0.839,0.153,-0.109
-0.862,0.092,-0.149
-0.902,0.073,-0.138
-0.866,0.018,-0.085
-0.886,-0.044,0.022
-0.876,-0.07,0.235
-0.782,-0.169,0.375
-0.639,-0.244,0.383
-0.565,-0.252,0.463
-0.526,-0.322,0.497
-0.529,-0.368,0.435
-0.534,-0.446,0.4
-0.52,-0.453,0.307
-0.557,-0.408,0.304
-0.52,-0.406,0.179
-0.434,-0.372,-0.042
-0.353,-0.342,-0.072
-0.306,-0.28,0.033
-0.306,-0.28,0.033
-0.302,-0.175,0.019
-0.043,-0.281,-0.141
-0.009,-0.198,-0.147
0.107,-0.125,-0.178
0.209,-0.113,-0.115
0.209,-0.113,-0.115
0.362,-0.056,-0.251
0.428,-0.063,-0.323
0.371,-0.044,-0.197
0.332,-0.051,-0.139
0.346,-0.064,-0.149
0.342,0.042,-0.194
0.353,0.069,-0.208
0.419,0.089,-0.231
0.419,0.089,-0.231
0.562,0.144,-0.211
0.639,0.095,-0.197
0.577,0.054,-0.117
0.533,-0.041,-0.033
0.35,-0.05,0.012
0.255,-0.186,0.193
0.265,-0.371,0.459
0.265,-0.505,0.648
0.294,-0.534,0.87
0.802,-0.896,0.945
0.802,-0.896,0.945
0.226,0.09,0.897
0.226,0.09,0.897
0.149,0.33,0.882
0.149,0.33,0.882
0.102,0.428,0.669
0.039,0.554,0.453
0.039,0.554,0.453
0.096,0.427,0.551
0.242,0.351,0.619
0.293,0.361,0.752
0.389,0.291,0.967
0.597,0.053,1.046
0.862,-0.38,1.283
1.198,-0.894,1.55
1.255,-1.307,1.821
1.148,-1.63,2.123
0.994,-1.857,2.258
0.994,-1.857,2.258
0.681,-2.077,1.811
0.543,-1.99,1.171
0.527,-1.878,0.438
0.606,-1.727,-0.157
0.698,-1.533,-0.773
0.715,-1.294,-1.297
0.663,-1.039,-1.585
0.692,-0.922,-1.74
0.848,-0.883,-1.777
1.052,-0.89,-1.702
1.216,-0.869,-1.656
1.371,-0.928,-1.605
1.462,-0.987,-1.491
1.424,-1.034,-1.424
1.424,-1.034,-1.424
0.953,-0.977,-1.353
0.649,-0.898,-1.437
0.396,-0.72,-1.616
0.205,-0.538,-1.782
0.048,-0.307,-2.133
-0.022,-0.087,-2.471
-0.038,0.159,-2.774
-0.078,0.37,-2.967
-0.11,0.596,-3.077
-0.087,0.783,-3.044
-0.058,0.977,-2.944
-0.036,1.136,-2.804
0.059,1.191,-2.59
0.123,1.236,-2.425
0.217,1.299,-2.176
0.238,1.243,-1.947
0.237,1.197,-1.753
0.163,1.1,-1.476
0.049,1.003,-1.295
0.013,0.902,-1.164
-0.092,0.864,-0.948
-0.172,0.817,-0.707
-0.251,0.768,-0.52
-0.257,0.816,-0.366
-0.209,0.779,-0.117
-0.138,0.718,0.021
-0.133,0.689,0.2
-0.184,0.656,0.35
-0.297,0.605,0.562
-0.424,0.554,0.755
-0.617,0.56,0.958
-0.77,0.515,1.096
-0.819,0.44,1.224
-0.889,0.42,1.373
-0.914,0.416,1.456
-0.833,0.4,1.528
-0.728,0.335,1.504
-0.62,0.328,1.469
-0.587,0.296,1.422
-0.721,0.288,1.298
-1.008,0.449,1.176
-1.3,0.609,1.127
-1.55,0.653,0.908
-1.587,0.507,1.067
-1.487,0.328,1.193
-1.294,0.109,1.447
-1.141,0.013,1.868
-0.904,-0.139,2.19
-0.515,-0.53,2.357
-0.139,-1.122,2.552
0.037,-1.659,2.709
-0.075,-2.05,2.685
-0.358,-2.317,2.45
-0.856,-2.442,2.086
-1.471,-2.25,1.382
-1.869,-2.164,0.64
-1.979,-2.122,-0.004
-2.068,-1.839,-0.66
-2.068,-1.839,-0.66
-2.193,-1.285,-1.829
-2.148,-1.196,-2.235
-2.046,-1.114,-2.491
-1.985,-1.095,-2.565
-1.834,-1.088,-2.485
-1.834,-1.088,-2.485
-1.159,-1.238,-2.04
-1.159,-1.238,-2.04
-0.741,-1.215,-1.66
-0.48,-1.161,-1.532
-0.199,-1.078,-1.502
-0.016,-0.994,-1.456
0.016,-0.918,-1.422
0.015,-0.843,-1.464
0.082,-0.674,-1.583
0.136,-0.512,-1.751
0.192,-0.333,-2.019
0.236,-0.156,-2.165
0.306,-0.017,-2.399
0.301,0.168,-2.582
0.316,0.324,-2.736
0.303,0.483,-2.733
0.326,0.613,-2.69
0.406,0.726,-2.553
0.481,0.782,-2.492
0.552,0.877,-2.31
0.591,0.948,-2.086
0.587,1.028,-1.881
0.62,1.04,-1.717
0.639,1.024,-1.472
0.622,0.955,-1.25
0.645,0.898,-1.051
0.765,0.802,-0.792
0.784,0.747,-0.624
0.782,0.716,-0.421
0.782,0.716,-0.421
0.587,0.758,-0.213
0.438,0.746,-0.084
0.282,0.759,0.066
0.267,0.744,0.113
0.267,0.749,0.201
0.35,0.696,0.346
0.35,0.696,0.346
0.497,0.568,0.547
0.817,0.128,1.23
0.898,-0.058,1.599
0.73,-0.015,1.886
0.73,-0.015,1.886
0.468,0.132,2.186
0.296,0.049,2.881
0.566,-0.257,3.163
0.824,-0.418,3.352
1.056,-0.456,3.571
1.477,-0.663,3.782
1.952,-1.144,3.959
2.148,-1.463,4.168
2.002,-1.651,4.241
1.617,-1.819,4.19
1.317,-2.015,3.877
0.901,-2.089,3.238
0.58,-2.003,2.337
0.384,-1.797,1.382
0.333,-1.651,0.486
0.26,-1.337,-0.503
0.19,-1.096,-1.349
0.196,-0.893,-2.018
0.208,-0.751,-2.489
0.299,-0.667,-2.812
0.43,-0.594,-3.002
0.562,-0.529,-3.014
0.697,-0.516,-2.897
0.722,-0.562,-2.76
0.675,-0.614,-2.639
0.47,-0.668,-2.566
0.188,-0.644,-2.567
-0.176,-0.659,-2.629
-0.467,-0.65,-2.725
-0.711,-0.535,-2.903
-0.882,-0.401,-3.128
-0.977,-0.245,-3.286
-1.05,-0.059,-3.451
-1.091,0.117,-3.592
-1.13,0.238,-3.681
-1.204,0.418,-3.613
-1.316,0.526,-3.45
-1.399,0.591,-3.263
-1.447,0.642,-3.11
-1.482,0.692,-2.923
-1.408,0.666,-2.694
-1.396,0.693,-2.48
-1.316,0.69,-2.297
-1.155,0.685,-2.064
-0.983,0.631,-1.769
-0.835,0.577,-1.459
-0.724,0.454,-1.113
-0.614,0.366,-0.648
-0.559,0.279,-0.175
-0.549,0.248,0.336
-0.578,0.181,0.686
-0.639,0.117,1.109
-0.658,0.113,1.396
-0.686,0.177,1.538
-0.774,0.336,1.628
-0.732,0.445,1.604
-0.698,0.515,1.586
-0.661,0.589,1.48
-0.53,0.607,1.373
-0.427,0.612,1.263
-0.224,0.611,1.145
-0.091,0.618,1.011
-0.191,0.708,0.92
-0.522,0.949,1.017
-0.901,1.008,1.119
-0.967,0.794,1.275
-0.822,0.374,1.495
-0.63,0.018,1.797
-0.495,-0.263,2.237
-0.294,-0.56,2.666
-0.052,-0.983,2.715
0.029,-1.501,2.998
-0.015,-1.875,2.965
-0.583,-1.845,2.644
-1.371,-1.669,2.148
-1.801,-1.724,1.71
-1.95,-1.783,1.287
-2.132,-1.465,0.649
-2.279,-1.156,0.198
-1.857,-1.067,-0.134
-1.857,-1.067,-0.134
-1.264,-1.063,-0.329
-0.763,-1.24,-0.079
-0.763,-1.24,-0.079
-0.173,-1.497,0.301
-0.013,-1.538,0.304
0.221,-1.544,0.173
0.276,-1.496,-0.031
0.315,-1.384,-0.476
0.305,-1.27,-0.953
0.328,-1.131,-1.465
0.384,-1.025,-1.992
0.4,-0.902,-2.586
0.413,-0.775,-3.016
0.365,-0.627,-3.387
0.414,-0.322,-4.098
0.414,-0.322,-4.098
0.45,0.063,-4.525
0.45,0.063,-4.525
0.266,0.435,-4.67
0.168,0.613,-4.712
0.168,0.613,-4.712
0.254,0.929,-4.55
0.254,0.929,-4.55
0.351,1.048,-4.226
0.349,1.083,-3.996
0.349,1.083,-3.996
0.328,1.031,-3.491
0.328,1.031,-3.491
0.353,0.903,-3.107
0.341,0.763,-2.803
0.288,0.746,-2.5
0.206,0.718,-2.23
-0.038,0.769,-1.821
-0.207,0.798,-1.492
-0.316,0.761,-1.161
-0.409,0.752,-0.796
-0.317,0.645,-0.426
-0.024,0.389,0.059
0.345,0.144,0.826
0.68,-0.075,1.472
0.931,-0.193,1.987
1.003,-0.332,2.458
0.773,-0.119,3.002
0.441,0.109,3.692
0.577,-0.119,4.395
0.892,-0.444,4.938
1.213,-0.627,5.317
1.648,-0.751,5.42
2.041,-0.944,5.567
2.38,-1.181,5.701
2.538,-1.516,5.716
2.493,-1.805,5.588
2.266,-2.028,5.186
1.86,-2.077,4.461
1.211,-1.806,3.502
0.754,-1.503,2.572
0.664,-1.314,1.648
0.523,-1.025,0.666
0.463,-0.691,-0.184
0.503,-0.337,-1.017
0.679,-0.06,-1.781
0.918,0.142,-2.429
1.176,0.268,-2.884
1.415,0.264,-3.041
1.512,0.226,-2.994
1.421,0.061,-2.889
1.173,-0.1,-2.695
0.703,-0.267,-2.565
0.271,-0.517,-2.515
-0.235,-0.631,-2.659
-0.782,-0.582,-2.991
-1.074,-0.523,-3.413
-1.281,-0.43,-3.853
-1.415,-0.32,-4.361
-1.656,-0.047,-4.927
-1.812,0.165,-5.356
-1.903,0.276,-5.661
-2.044,0.406,-5.8
-2.193,0.517,-5.76
-2.303,0.607,-5.609
-2.34,0.548,-5.402
-2.344,0.546,-5.176
-2.362,0.572,-4.81
-2.34,0.615,-4.443
-2.279,0.682,-3.97
-2.206,0.644,-3.481
-2.048,0.607,-3.044
-1.907,0.535,-2.553
-1.815,0.546,-1.987
-1.721,0.458,-1.495
-1.559,0.363,-0.958
-1.516,0.276,-0.389
-1.497,0.186,0.116
-1.581,0.219,0.557
-1.612,0.245,1.146
-1.682,0.294,1.819
-1.625,0.459,2.275
-1.508,0.541,2.594
-1.28,0.612,2.778
-1.062,0.736,2.905
-0.859,0.818,2.797
-0.601,0.792,2.688
-0.38,0.747,2.514
-0.328,0.719,2.218
-0.512,0.861,1.95
-0.825,1.052,1.91
-1.005,1.017,2.056
-0.886,0.674,2.177
-0.669,0.369,2.356
-0.593,0.246,2.503
-0.544,0.1,2.696
-0.42,-0.192,3.013
-0.26,-0.63,3.138
-0.094,-1.074,3.133
-0.056,-1.568,3.168
-0.171,-1.808,2.922
-0.531,-1.879,2.316
-1.042,-1.742,1.668
-1.364,-1.662,0.923
-1.51,-1.556,0.255
-1.642,-1.298,-0.48
-1.784,-0.968,-0.962
-1.746,-0.752,-1.463
-1.746,-0.752,-1.463
-1.295,-0.621,-1.918
-1.119,-0.648,-1.887
-0.466,-0.849,-1.61
-0.263,-0.908,-1.513
-0.263,-0.908,-1.513
0.148,-1.193,-1.021
0.137,-1.21,-0.971
0.037,-1.218,-1.097
-0.092,-1.148,-1.321
-0.121,-1.123,-1.667
-0.1,-1.006,-2.114
-0.044,-0.97,-2.578
0.047,-0.833,-2.976
0.103,-0.598,-3.484
0.112,-0.4,-3.856
0.161,-0.272,-4.158
0.186,-0.147,-4.267
0.211,-0.044,-4.355
0.263,0.109,-4.35
0.286,0.232,-4.224
0.275,0.396,-4.012
0.299,0.502,-3.714
0.312,0.531,-3.503
0.323,0.611,-3.259
0.388,0.718,-3.042
0.442,0.769,-2.847
0.558,0.789,-2.692
0.625,0.81,-2.429
0.625,0.81,-2.429
0.681,0.866,-1.974
0.762,0.727,-1.109
0.74,0.63,-0.681
0.668,0.636,-0.392
0.503,0.696,-0.161
0.394,0.716,0.067
0.392,0.719,0.298
0.397,0.689,0.446
0.449,0.698,0.66
0.465,0.668,0.933
0.659,0.545,1.246
0.936,0.294,1.611
1.103,0.091,1.899
1.122,-0.084,2.187
0.949,-0.172,2.258
0.295,0.175,2.288
-0.188,0.467,2.456
-0.036,0.351,2.732
0.375,0.03,2.714
0.901,-0.128,2.876
1.264,-0.058,3.073
1.649,-0.082,3.328
2.375,-0.592,3.68
2.788,-1.107,3.845
2.673,-1.438,3.779
2.176,-1.511,3.373
1.489,-1.441,2.717
0.835,-1.253,2.167
0.394,-1.168,1.594
0.105,-1.048,0.894
-0.02,-0.864,0.421
0.112,-0.683,-0.074
0.379,-0.541,-0.5
0.733,-0.444,-0.778
1.066,-0.425,-0.976
1.32,-0.494,-1.202
1.359,-0.553,-1.332
1.134,-0.603,-1.44
0.697,-0.69,-1.523
0.262,-0.839,-1.666
-0.216,-0.934,-1.821
-0.661,-0.905,-2.063
-1.055,-0.747,-2.373
-1.186,-0.661,-2.738
-1.27,-0.525,-3.171
-1.458,-0.314,-3.553
-1.672,-0.074,-3.901
-1.763,0.064,-4.146
-1.838,0.156,-4.312
-1.846,0.309,-4.401
-1.856,0.473,-4.339
-1.849,0.596,-4.249
-1.845,0.67,-4.185
-1.847,0.768,-4.034
-1.866,0.887,-3.867
-1.891,0.976,-3.644
-1.837,0.993,-3.386
-1.753,0.934,-3.089
-1.621,0.821,-2.725
-1.454,0.706,-2.291
-1.261,0.575,-1.839
-1.08,0.491,-1.311
-0.87,0.351,-0.83
-0.699,0.216,-0.316
-0.598,0.085,0.109
-0.672,0.091,0.518
-0.855,0.17,0.795
-1.031,0.268,1.052
-1.125,0.36,1.269
-1.144,0.4,1.37
-1.042,0.423,1.478
-0.904,0.486,1.549
-0.68,0.472,1.666
-0.415,0.42,1.855
-0.12,0.336,1.962
0.085,0.287,2.088
0.061,0.352,2.151
-0.174,0.592,2.183
-0.44,0.765,2.193
-0.472,0.603,2.282
-0.353,0.339,2.271
-0.139,0.206,2.244
-0.006,0.228,2.257
0.074,0.143,2.396
0.187,-0.055,2.489
0.208,-0.364,2.617
0.243,-0.741,2.665
0.183,-1.074,2.521
-0.019,-1.273,2.166
-0.4,-1.181,1.526
-0.797,-1.008,0.868
-1.12,-0.88,0.313
-1.357,-0.745,-0.447
-1.666,-0.521,-1.034
-1.815,-0.32,-1.465
-1.815,-0.32,-1.465
-1.634,-0.163,-1.957
-1.125,-0.349,-1.772
-1.125,-0.349,-1.772
-0.331,-0.899,-0.864
-0.002,-1.132,-0.403
0.267,-1.288,-0.022
0.338,-1.343,0.067
0.395,-1.456,0.14
0.343,-1.521,-0.05
0.143,-1.436,-0.45
-0.009,-1.341,-1.019
-0.055,-1.226,-1.593
0.007,-1.117,-2.231
-0.143,-0.736,-3.314
-0.143,-0.736,-3.314
-0.198,-0.595,-3.707
-0.234,-0.496,-4.024
-0.212,-0.432,-4.239
-0.258,-0.152,-4.285
-0.258,-0.152,-4.285
-0.283,0.017,-4.169
-0.174,0.23,-3.763
-0.174,0.23,-3.763
-0.063,0.485,-3.414
-0.063,0.485,-3.414
0.073,0.582,-3.241
0.171,0.722,-2.813
0.171,0.722,-2.813
0.213,0.757,-2.468
0.251,0.731,-2.138
0.233,0.676,-1.735
0.157,0.665,-1.34
0.083,0.656,-1.111
0.011,0.735,-0.752
-0.105,0.85,-0.518
-0.11,0.947,-0.368
-0.043,0.968,-0.229
0.18,1.003,-0.048
0.399,0.987,0.03
0.662,0.928,0.381
1.018,0.68,0.953
1.254,0.44,1.701
1.285,0.353,2.202
1.168,0.266,2.73
0.945,0.283,3.108
0.945,0.283,3.108
0.262,0.676,3.598
0.428,0.486,3.907
0.8,0.215,4.039
1.03,0.238,4.149
1.03,0.238,4.149
1.612,0.305,4.29
2.009,0.067,4.338
2.151,-0.144,4.353
2.226,-0.49,4.228
2.092,-0.73,3.741
1.724,-0.673,3.033
1.298,-0.512,2.165
0.929,-0.379,1.366
0.735,-0.41,0.545
0.512,-0.287,-0.409
0.268,-0.087,-1.222
0.197,0.036,-1.893
0.232,0.093,-2.548
0.31,0.166,-2.999
0.414,0.17,-3.329
0.586,0.093,-3.44
0.727,-0.105,-3.371
0.781,-0.242,-3.189
0.653,-0.36,-2.941
0.482,-0.548,-2.832
0.108,-0.707,-2.795
-0.246,-0.79,-2.851
-0.553,-0.879,-3.025
-0.805,-0.922,-3.342
-1.02,-0.848,-3.678
-1.202,-0.769,-4.056
-1.336,-0.637,-4.428
-1.415,-0.558,-4.769
-1.654,-0.396,-4.976
-1.815,-0.31,-5.081
-1.937,-0.184,-5.088
-2.027,-0.117,-5.021
-2.113,-0.041,-4.798
-2.112,0.101,-4.518
-2.114,0.179,-4.236
-2.058,0.279,-3.906
-2.02,0.358,-3.558
-1.934,0.409,-3.194
-1.838,0.41,-2.787
-1.776,0.415,-2.286
-1.744,0.351,-1.822
-1.641,0.262,-1.345
-1.627,0.264,-0.88
-1.546,0.21,-0.339
-1.493,0.183,0.121
-1.447,0.187,0.559
-1.456,0.246,0.991
-1.457,0.334,1.403
-1.533,0.462,1.867
-1.571,0.554,2.207
-1.593,0.611,2.43
-1.488,0.63,2.678
-1.297,0.7,2.836
-0.955,0.712,2.784
-0.564,0.732,2.881
-0.224,0.786,2.906
-0.061,0.901,2.833
-0.171,1.089,2.778
-0.522,1.251,2.948
-0.705,1.224,3.251
-0.609,0.975,3.558
-0.425,0.755,3.78
-0.191,0.636,4.039
0.177,0.468,4.336
0.675,0.204,4.404
0.931,-0.171,4.401
1.283,-0.705,4.256
1.261,-1.097,3.761
0.844,-1.105,2.977
0.158,-0.91,2.076
-0.279,-0.878,1.133
-0.408,-0.834,0.263
-0.779,-0.516,-0.686
-0.947,-0.298,-1.399
-0.947,-0.298,-1.399
-0.76,-0.165,-2.296
-0.305,-0.224,-2.491
-0.305,-0.224,-2.491
0.244,-0.585,-2.071
0.244,-0.585,-2.071
0.552,-1.148,-1.604
0.598,-1.376,-1.462
0.497,-1.472,-1.472
0.401,-1.495,-1.565
0.1,-1.599,-2.234
0.1,-1.599,-2.234
0.019,-1.59,-2.697
0.025,-1.538,-3.195
-0.031,-1.511,-3.715
-0.061,-1.423,-4.103
-0.183,-1.287,-4.483
-0.326,-1.092,-4.985
-0.326,-1.092,-4.985
-0.43,-0.918,-5.102
-0.382,-0.814,-5.028
-0.382,-0.814,-5.028
-0.318,-0.524,-4.803
-0.318,-0.524,-4.803
-0.141,-0.167,-4.41
-0.141,-0.167,-4.41
-0.029,0.004,-4.138
0.248,0.271,-3.586
0.248,0.271,-3.586
0.333,0.513,-2.878
0.333,0.513,-2.878
0.386,0.571,-2.425
0.475,0.577,-1.896
0.408,0.661,-1.509
0.339,0.815,-1.18
0.27,0.909,-0.855
0.249,1.036,-0.494
0.22,1.086,-0.226
0.238,1.171,0.162
0.374,1.148,0.467
0.374,1.148,0.467
0.92,0.959,1.302
1.236,0.815,1.818
1.42,0.75,2.294
1.42,0.57,2.807
1.283,0.428,3.245
0.762,0.574,3.481
0.215,0.857,3.564
0.102,0.851,3.767
0.389,0.613,3.913
0.768,0.436,3.944
1.134,0.376,4.095
1.411,0.333,4.056
1.616,0.142,4.129
1.881,-0.288,4.353
1.972,-0.626,4.281
1.805,-0.798,3.979
1.529,-0.885,3.496
1.019,-0.783,2.774
0.573,-0.645,1.913
0.31,-0.612,1.086
0.214,-0.502,0.183
0.148,-0.324,-0.581
0.265,-0.275,-1.133
0.406,-0.287,-1.438
0.643,-0.281,-1.693
0.827,-0.331,-1.893
0.968,-0.426,-1.931
1.039,-0.602,-1.934
1.055,-0.728,-1.92
0.846,-0.887,-1.898
0.673,-0.979,-1.785
0.412,-1.098,-1.83
0.156,-1.202,-1.915
-0.147,-1.202,-2.103
-0.427,-1.158,-2.46
-0.672,-1.17,-2.819
-0.884,-1.129,-3.216
-1.091,-1.039,-3.698
-1.192,-0.957,-4.026
-1.249,-0.865,-4.141
-1.311,-0.68,-4.327
-1.35,-0.571,-4.428
-1.387,-0.429,-4.471
-1.405,-0.29,-4.453
-1.476,-0.16,-4.414
-1.575,-0.039,-4.3
-1.616,0.103,-4.133
-1.517,0.186,-3.838
-1.424,0.31,-3.506
-1.221,0.405,-3.135
-1.073,0.495,-2.666
-0.925,0.555,-2.194
-0.746,0.587,-1.808
-0.626,0.515,-1.385
-0.612,0.565,-0.921
-0.633,0.503,-0.526
-0.798,0.469,-0.069
-0.976,0.524,0.392
-1.152,0.591,0.729
-1.218,0.652,1.106
-1.218,0.691,1.487
-1.147,0.689,1.842
-1.038,0.643,2.283
-0.802,0.662,2.5
-0.526,0.567,2.642
-0.278,0.464,2.717
-0.102,0.43,2.544
-0.159,0.555,2.236
-0.519,0.888,1.851
-0.781,1.06,1.703
-0.862,0.911,1.61
-0.676,0.566,1.607
-0.549,0.38,1.712
-0.506,0.254,1.85
-0.3,0.056,2.191
-0.104,-0.244,2.466
0.12,-0.523,2.714
0.214,-0.906,2.987
0.282,-1.364,2.956
0.154,-1.674,2.778
-0.284,-1.722,2.375
-0.854,-1.602,1.767
-1.303,-1.577,0.965
-1.525,-1.615,0.355
-1.667,-1.536,-0.295
-1.808,-1.181,-0.824
-1.732,-0.985,-1.19
-1.497,-0.879,-1.462
-1.172,-0.903,-1.567
-0.87,-0.914,-1.586
-0.87,-0.914,-1.586
-0.175,-1.264,-1.177
-0.013,-1.425,-0.953
0.069,-1.616,-0.83
0.046,-1.608,-0.824
0.046,-1.608,-0.824
-0.144,-1.527,-1.085
-0.144,-1.527,-1.085
-0.226,-1.32,-1.791
-0.187,-1.2,-2.016
-0.062,-1.077,-2.433
0.032,-0.929,-2.754
0.003,-0.728,-3.043
-0.072,-0.497,-3.215
-0.148,-0.265,-3.4
-0.148,-0.265,-3.4
-0.129,-0.13,-3.363
-0.133,0.11,-3.144
-0.133,0.11,-3.144
-0.094,0.197,-2.872
-0.051,0.285,-2.625
0.045,0.478,-2.082
0.105,0.56,-1.951
0.105,0.56,-1.951
0.288,0.736,-1.775
0.288,0.736,-1.775
0.565,0.777,-1.647
0.565,0.777,-1.647
0.654,0.746,-1.521
0.576,0.736,-0.907
0.576,0.736,-0.907
0.384,0.794,-0.606
0.197,0.861,-0.226
0.165,0.817,-0.06
0.311,0.807,0.187
0.487,0.792,0.492
0.675,0.776,0.791
0.892,0.605,0.96
1.215,0.26,1.25
1.378,0.035,1.593
1.243,0.049,1.77
0.898,0.206,1.921
0.687,0.408,2.181
0.547,0.436,2.367
0.72,0.163,2.531
1.056,-0.177,2.761
1.323,-0.307,2.874
1.541,-0.269,3.085
1.839,-0.401,3.456
2.324,-0.935,3.822
2.486,-1.443,3.948
2.355,-1.669,3.996
1.95,-1.717,3.673
1.259,-1.602,3.099
0.647,-1.456,2.26
0.264,-1.351,1.441
0.043,-1.09,0.477
-0.138,-0.782,-0.425
-0.128,-0.596,-1.242
-0.007,-0.398,-1.784
0.187,-0.154,-2.224
0.543,-0.093,-2.542
0.802,-0.133,-2.645
1.001,-0.257,-2.617
0.956,-0.303,-2.506
0.702,-0.401,-2.235
0.373,-0.513,-1.984
0.012,-0.603,-1.83
-0.304,-0.662,-1.757
-0.632,-0.556,-1.83
-0.915,-0.426,-2.029
-0.984,-0.363,-2.33
-1.02,-0.246,-2.671
-1.085,-0.061,-2.98
-1.203,0.138,-3.343
-1.293,0.267,-3.633
-1.336,0.394,-3.824
-1.454,0.536,-3.785
-1.541,0.565,-3.674
-1.543,0.536,-3.527
-1.532,0.611,-3.419
-1.507,0.66,-3.211
-1.413,0.695,-2.99
-1.319,0.731,-2.711
-1.214,0.707,-2.425
-1.16,0.673,-2.208
-1.045,0.652,-1.946
-1.009,0.612,-1.639
-0.899,0.534,-1.355
-0.742,0.378,-1.003
-0.763,0.306,-0.611
-0.917,0.264,-0.246
-1.12,0.304,0.21
-1.35,0.329,0.604
-1.484,0.302,1.031
-1.503,0.306,1.407
-1.537,0.448,1.744
-1.467,0.438,1.863
-1.198,0.4,2.024
-0.935,0.409,2.143
-0.753,0.359,2.216
-0.473,0.266,2.261
-0.382,0.175,2.152
-0.525,0.27,1.891
-0.94,0.601,1.657
-1.245,0.702,1.51
-1.233,0.582,1.506
-1.146,0.28,1.223
-1.024,0.052,1.178
-0.843,-0.17,1.427
-0.6,-0.491,2.064
-0.156,-0.923,2.63
0.103,-1.312,2.635
0.263,-1.777,2.748
0.026,-1.864,2.722
-0.558,-1.834,2.317
-1.106,-1.744,1.58
-1.364,-1.736,0.932
-1.606,-1.545,0.33
-1.95,-1.137,-0.403
-2.038,-0.796,-1.036
-1.875,-0.65,-1.459
-1.637,-0.562,-1.563
-1.241,-0.69,-1.504
-0.711,-0.854,-1.277
-0.29,-1.043,-0.909
0.016,-1.101,-0.533
0.269,-1.241,-0.227
0.439,-1.283,-0.112
0.37,-1.233,-0.217
0.209,-1.138,-0.605
0.036,-1.051,-1.075
-0.029,-0.902,-1.539
-0.018,-0.794,-2.009
0.014,-0.578,-2.582
0.011,-0.393,-3.001
0.032,-0.262,-3.203
0.109,-0.051,-3.329
0.227,0.117,-3.332
0.338,0.166,-3.29
0.509,0.208,-3.116
0.54,0.404,-2.925
0.445,0.518,-2.764
0.467,0.567,-2.689
0.48,0.567,-2.566
0.439,0.64,-2.429
0.427,0.675,-2.268
0.493,0.691,-2.147
0.58,0.653,-2.072
0.605,0.67,-1.951
0.68,0.663,-1.611
0.68,0.663,-1.611
0.57,0.479,-1.306
0.57,0.479,-1.306
0.4,0.486,-1.077
-0.061,0.632,-0.673
-0.061,0.632,-0.673
-0.011,0.667,-0.396
-0.05,0.577,-0.327
-0.038,0.509,-0.123
0.041,0.412,0.053
0.224,0.309,0.365
0.795,-0.326,1.009
0.795,-0.326,1.009
0.653,-0.489,1.542
0.172,-0.228,1.779
-0.37,0.028,1.986
-0.441,-0.059,2.47
-0.02,-0.376,3.048
0.67,-0.706,3.609
1.107,-0.573,3.886
1.594,-0.504,4.261
2.173,-0.849,4.772
2.525,-1.299,4.967
2.401,-1.558,4.905
2.029,-1.686,4.567
1.458,-1.54,3.926
0.899,-1.217,3.029
0.689,-0.995,2.208
0.47,-0.644,1.115
0.38,-0.334,0.255
0.422,-0.112,-0.504
0.529,0.165,-1.296
0.706,0.352,-2.027
0.917,0.451,-2.504
1.08,0.401,-2.621
1.27,0.23,-2.531
1.428,0.005,-2.286
1.465,-0.165,-1.934
1.346,-0.383,-1.521
1.02,-0.558,-1.156
0.657,-0.749,-0.981
0.198,-0.807,-1.02
-0.237,-0.882,-1.255
-0.649,-0.879,-1.687
-0.855,-0.79,-2.243
-1.028,-0.739,-2.739
-1.141,-0.484,-3.342
-1.287,-0.209,-3.931
-1.38,0.017,-4.347
-1.382,0.158,-4.634
-1.358,0.241,-4.769
-1.363,0.402,-4.832
-1.361,0.53,-4.697
-1.311,0.665,-4.388
-1.202,0.787,-4.109
-0.962,0.878,-3.771
-0.728,0.922,-3.444
-0.496,0.92,-3.187
-0.288,0.881,-2.951
-0.22,0.807,-2.665
-0.207,0.616,-2.397
-0.288,0.474,-2.095
-0.399,0.337,-1.643
-0.57,0.184,-1.218
-0.836,0.051,-0.708
-1.172,0.183,-0.356
-1.486,0.256,0.024
-1.636,0.253,0.391
-1.68,0.282,0.653
-1.704,0.375,0.902
-1.654,0.476,1.158
-1.518,0.492,1.43
-1.286,0.398,1.751
-0.999,0.243,2.032
-0.685,0.054,2.348
-0.519,0.02,2.545
-0.487,0.025,2.731
-0.704,0.231,2.707
-1.203,0.571,2.574
-1.203,0.571,2.574
-1.511,0.564,2.613
-1.324,0.466,2.636
-1.139,0.45,2.831
-0.848,0.352,3.293
-0.366,0.077,3.709
-0.064,-0.273,3.826
0.248,-0.727,4.203
0.37,-1.142,4.271
0.162,-1.315,3.948
-0.389,-1.302,3.066
-1.057,-1.154,1.942
-1.388,-1.139,1.229
-1.705,-0.834,0.249
-2.006,-0.413,-0.667
-2.023,-0.212,-1.392
-1.81,-0.094,-1.827
-1.528,-0.043,-2.12
-1.061,-0.118,-2.119
-0.585,-0.336,-1.907
-0.27,-0.577,-1.639
-0.028,-0.847,-1.173
0.181,-1.035,-0.825
0.242,-1.207,-0.737
0.244,-1.239,-0.762
0.143,-1.235,-0.98
-0.003,-1.207,-1.323
-0.044,-1.126,-1.832
-0.01,-1.046,-2.414
-0.039,-0.977,-2.93
-0.149,-0.895,-3.343
-0.156,-0.802,-3.68
-0.203,-0.656,-3.973
-0.195,-0.502,-4.171
-0.195,-0.502,-4.171
-0.063,-0.231,-4.511
-0.072,-0.113,-4.461
-0.011,0.057,-4.38
0.158,0.141,-4.258
0.158,0.141,-4.258
0.324,0.408,-3.87
0.335,0.478,-3.635
0.411,0.477,-3.31
0.427,0.487,-3.007
0.515,0.514,-2.702
0.543,0.53,-2.365
0.606,0.579,-2.044
0.699,0.608,-1.793
0.743,0.577,-1.601
0.747,0.611,-1.379
0.659,0.714,-1.19
0.544,0.804,-1.063
0.458,0.893,-0.983
0.367,0.957,-0.917
0.377,0.989,-0.766
0.434,0.94,-0.523
0.742,0.777,-0.013
0.742,0.777,-0.013
1.199,0.348,0.815
1.199,0.348,0.815
1.061,0.224,1.663
1.061,0.224,1.663
0.408,0.678,2.262
0.408,0.678,2.262
0.335,0.795,2.697
1.225,0.305,3.66
1.225,0.305,3.66
1.734,0.263,4.173
2.145,0.009,4.542
2.398,-0.316,4.878
2.528,-0.703,5.222
2.473,-1.067,5.384
2.208,-1.362,5.283
1.68,-1.471,4.878
0.967,-1.379,3.912
0.454,-1.316,2.834
0.152,-1.264,1.878
-0.039,-1.054,0.812
-0.28,-0.676,-0.214
-0.28,-0.676,-0.214
-0.163,-0.39,-1.833
0.015,-0.231,-2.527
0.159,-0.093,-3.031
0.362,-0.069,-3.283
0.595,-0.189,-3.259
0.636,-0.363,-3.039
0.547,-0.568,-2.691
0.341,-0.727,-2.361
0.061,-0.89,-2.069
-0.243,-1.04,-1.859
-0.601,-1.12,-1.854
-0.938,-1.074,-1.992
-1.209,-0.967,-2.278
-1.38,-0.848,-2.64
-1.485,-0.724,-3.111
-1.565,-0.611,-3.523
-1.665,-0.465,-3.864
-1.83,-0.337,-4.141
-1.977,-0.159,-4.235
-2.139,0.001,-4.244
-2.161,0.105,-4.077
-2.149,0.21,-3.884
-2.089,0.293,-3.592
-2.028,0.359,-3.227
-1.901,0.427,-2.946
-1.806,0.427,-2.589
-1.749,0.454,-2.316
-1.734,0.42,-2.04
-1.667,0.409,-1.717
-1.569,0.333,-1.341
-1.361,0.225,-0.821
-1.191,0.14,-0.411
-1.106,0.057,-0.03
-1.073,0.056,0.48
-1.027,0.21,0.964
-1.101,0.297,1.373
-1.115,0.383,1.724
-1.071,0.447,2.002
-0.913,0.515,2.033
-0.679,0.631,2.032
-0.399,0.704,1.98
-0.094,0.709,1.943
0.175,0.684,1.944
0.392,0.557,2.016
0.541,0.58,1.975
0.396,0.863,1.886
0.171,0.95,1.858
0.085,0.857,1.807
0.125,0.546,1.925
0.371,0.092,2.177
0.561,-0.217,2.754
0.663,-0.532,3.309
0.753,-1.029,3.689
1.11,-2.019,4.373
1.105,-2.551,4.63
0.719,-2.807,4.618
0.014,-2.917,4.335
-0.734,-2.874,3.542
-1.281,-2.781,2.458
-1.443,-2.798,1.644
-1.753,-2.314,0.518
-1.84,-1.859,-0.638
-1.624,-1.605,-1.606
-1.344,-1.431,-2.314
-1.092,-1.245,-2.919
-0.926,-1.119,-3.224
-0.749,-1.168,-3.155
-0.546,-1.242,-2.822
-0.417,-1.361,-2.361
-0.371,-1.447,-1.877
-0.34,-1.496,-1.486
-0.319,-1.551,-1.147
-0.348,-1.498,-1.091
-0.392,-1.391,-1.163
-0.416,-1.25,-1.455
-0.39,-1.088,-1.778
-0.286,-0.901,-2.252
-0.108,-0.71,-2.723
0.006,-0.437,-3.076
0.084,-0.22,-3.391
0.191,-0.027,-3.644
0.257,0.142,-3.77
0.256,0.314,-3.888
0.229,0.487,-3.876
0.216,0.585,-3.853
0.198,0.66,-3.865
0.221,0.782,-3.861
0.221,0.782,-3.861
0.357,1.074,-3.691
0.49,1.146,-3.588
0.49,1.146,-3.588
0.712,1.185,-2.999
0.712,1.185,-2.999
0.742,1.111,-2.295
0.742,1.111,-2.295
0.731,1.131,-1.963
0.742,1.051,-1.323
0.678,0.999,-1.046
0.653,0.976,-0.819
0.554,0.992,-0.595
0.465,1.04,-0.414
0.352,0.978,0.057
0.352,0.978,0.057
0.388,0.876,0.291
0.5,0.721,0.574
0.688,0.536,0.965
0.954,0.062,1.635
0.954,0.062,1.635
0.796,-0.072,1.85
-0.444,0.517,2.015
-0.444,0.517,2.015
-0.98,0.618,2.143
-0.98,0.618,2.143
-0.73,0.407,2.083
0.734,-0.063,3.162
0.734,-0.063,3.162
2.368,-1.122,4.156
2.368,-1.122,4.156
2.789,-1.769,4.638
2.335,-2.041,4.873
2.335,-2.041,4.873
-0.153,-1.769,3.726
-0.564,-1.754,2.892
-0.934,-1.37,1.903
-1.044,-0.878,0.957
-0.761,-0.512,-0.008
-0.121,-0.35,-0.848
0.576,-0.271,-1.292
1.084,-0.366,-1.605
1.315,-0.465,-1.681
1.283,-0.549,-1.512
1.011,-0.611,-1.36
0.644,-0.841,-1.253
0.063,-0.848,-1.229
-0.406,-0.721,-1.543
-0.649,-0.613,-1.929
-0.764,-0.483,-2.393
-0.839,-0.35,-2.9
-0.959,-0.092,-3.498
-1.087,0.146,-4.067
-1.141,0.289,-4.421
-1.265,0.378,-4.738
-1.265,0.378,-4.738
-1.525,0.598,-4.765
-1.54,0.61,-4.515
-1.493,0.694,-4.242
-1.455,0.799,-3.927
-1.391,0.884,-3.563
-1.311,0.981,-3.346
-1.197,1.001,-3.137
-1.072,0.936,-2.985
-0.946,0.826,-2.778
-0.812,0.751,-2.579
-0.711,0.606,-2.192
-0.588,0.346,-1.757
-0.474,0.156,-1.208
-0.402,-0.015,-0.612
-0.349,-0.125,-0.089
-0.439,-0.166,0.482
-0.655,-0.084,0.956
-0.909,0.103,1.318
-1.061,0.162,1.489
-1.154,0.261,1.556
-1.132,0.401,1.487
-1.001,0.526,1.446
-0.702,0.577,1.419
-0.337,0.565,1.521
0.088,0.439,1.567
0.351,0.423,1.569
0.279,0.567,1.613
0.092,0.758,1.83
-0.121,0.647,2.098
-0.014,0.337,2.405
0.095,0.031,2.702
0.049,-0.096,2.936
0,-0.224,3.026
-0.033,-0.505,3.087
0.054,-0.894,3.122
0.029,-1.247,3.1
0.026,-1.634,2.908
-0.201,-1.782,2.519
-0.683,-1.717,1.86
-1.175,-1.519,1.008
-1.6,-1.37,0.286
-1.863,-1.186,-0.512
-2.011,-0.933,-1.297
-2.089,-0.826,-1.821
-2.041,-0.735,-2.193
-1.99,-0.625,-2.36
-1.913,-0.644,-2.319
-1.606,-0.797,-2.03
-1.254,-1.032,-1.636
-0.968,-1.241,-1.291
-0.768,-1.409,-0.889
-0.645,-1.553,-0.534
-0.655,-1.624,-0.485
-0.726,-1.584,-0.467
-0.798,-1.516,-0.654
-0.809,-1.381,-1.03
-0.722,-1.208,-1.381
-0.571,-1.016,-1.807
-0.428,-0.866,-2.149
-0.31,-0.625,-2.383
-0.247,-0.425,-2.547
-0.156,-0.28,-2.703
-0.007,-0.113,-2.75
0.115,0.042,-2.773
0.148,0.224,-2.793
0.149,0.403,-2.884
0.149,0.403,-2.884
0.193,0.733,-3.075
0.197,0.868,-3.119
0.2,0.977,-3.065
0.295,0.985,-2.911
0.431,0.935,-2.565
0.509,0.949,-2.149
0.544,0.921,-1.751
0.543,0.871,-1.2
0.555,0.7,-0.723
0.589,0.602,-0.305
0.447,0.484,-0.021
0.2,0.571,0.039
-0.021,0.618,-0.013
-0.021,0.618,-0.013
-0.169,0.758,-0.007
-0.125,0.732,0.076
0.006,0.729,0.285
0.301,0.585,0.666
0.488,0.477,0.925
0.993,0.191,1.626
1.045,0.152,1.771
0.901,0.139,2.11
0.606,0.272,2.211
0.215,0.54,2.306
0.248,0.519,2.592
0.705,0.195,2.762
1.196,-0.078,2.868
1.468,-0.116,2.969
1.509,-0.132,3.247
1.769,-0.596,3.627
1.888,-1.132,3.892
1.786,-1.54,4.052
1.635,-1.749,3.879
1.359,-1.689,3.394
0.886,-1.216,1.509
0.886,-1.216,1.509
0.697,-1.045,0.474
0.439,-0.699,-1.337
0.439,-0.699,-1.337
0.706,-0.299,-2.974
0.706,-0.299,-2.974
1.002,-0.126,-3.53
1.228,-0.03,-3.735
1.267,-0.029,-3.503
1.136,-0.15,-3.264
0.816,-0.293,-2.786
0.622,-0.366,-2.583
0.075,-0.584,-2.129
-0.285,-0.604,-1.942
-0.578,-0.592,-1.897
-0.787,-0.502,-1.946
-0.897,-0.416,-2.166
-0.89,-0.362,-2.485
-0.831,-0.249,-2.784
-0.831,-0.249,-2.784
-0.787,-0.132,-3.123
-0.731,0.172,-3.444
-0.729,0.273,-3.505
-0.79,0.359,-3.464
-0.872,0.442,-3.318
-0.985,0.564,-3.113
-0.974,0.644,-3.009
-0.842,0.691,-2.91
-0.76,0.717,-2.764
-0.712,0.757,-2.628
-0.653,0.766,-2.344
-0.638,0.704,-2.036
-0.646,0.622,-1.716
-0.691,0.582,-1.245
-0.626,0.42,-0.733
-0.577,0.319,-0.242
-0.527,0.258,0.239
-0.516,0.282,0.71
-0.618,0.346,1.114
-0.743,0.352,1.55
-0.896,0.361,1.9
-1.04,0.445,2.077
-1.106,0.507,2.111
-1.063,0.568,2.129
-0.949,0.596,2.236
-0.728,0.557,2.177
-0.523,0.502,2.14
-0.367,0.472,1.967
-0.47,0.631,1.603
-0.719,0.948,1.254
-0.906,1.012,1.104
-0.819,0.746,1.012
-0.62,0.435,0.858
-0.509,0.244,0.932
-0.481,0.178,1.224
-0.554,0.124,1.758
-0.494,-0.174,2.248
-0.353,-0.571,2.629
-0.137,-1.015,2.748
-0.106,-1.333,3.004
-0.094,-1.617,2.877
-0.24,-1.784,2.517
-0.669,-1.75,1.907
-1.185,-1.58,1.045
-1.471,-1.475,0.304
-1.572,-1.368,-0.444
-1.819,-0.994,-1.206
-1.888,-0.767,-1.611
-1.725,-0.747,-1.83
-1.522,-0.717,-1.957
-1.201,-0.796,-1.698
-0.79,-0.887,-1.413
-0.424,-1.091,-1.096
-0.138,-1.24,-0.861
0.047,-1.318,-0.597
0.135,-1.395,-0.443
0.029,-1.367,-0.591
-0.081,-1.301,-0.812
-0.204,-1.247,-1.2
-0.21,-1.102,-1.682
-0.212,-0.959,-2.212
-0.112,-0.84,-2.663
-0.056,-0.636,-3.023
-0.074,-0.519,-3.426
-0.045,-0.392,-3.573
-0.087,-0.217,-3.657
-0.086,-0.134,-3.853
-0.051,-0.044,-3.893
-0.035,0.073,-3.857
-0.06,0.205,-3.772
-0.015,0.322,-3.602
0.051,0.42,-3.306
0.148,0.518,-2.96
0.231,0.6,-2.666
0.321,0.636,-2.303
0.422,0.672,-1.885
0.472,0.75,-1.534
0.67,0.705,-1.238
0.821,0.628,-0.932
1.007,0.567,-0.563
1.084,0.547,-0.141
1.057,0.49,0.157
0.987,0.461,0.348
0.84,0.522,0.49
0.626,0.611,0.633
0.514,0.725,0.739
0.436,0.804,0.834
0.445,0.842,0.868
0.563,0.791,0.997
0.832,0.736,1.222
1.172,0.439,1.632
1.215,0.299,1.801
1.002,0.286,2.044
0.472,0.584,1.985
0.106,0.802,1.997
-0.325,0.91,2.073
-0.325,0.91,2.073
0.288,0.24,1.803
0.944,-0.018,1.839
1.53,-0.237,2.165
2.015,-0.594,2.653
2.382,-1.108,3.105
2.798,-1.972,3.468
2.691,-2.416,3.639
1.901,-2.606,3.707
0.755,-2.495,3.422
-0.249,-2.364,2.798
-0.716,-2.385,2.249
-1.352,-1.719,0.846
-1.352,-1.719,0.846
-0.842,-1.207,-0.672
-0.842,-1.207,-0.672
-0.208,-1.099,-1.301
0.316,-0.949,-1.755
0.616,-0.815,-2.121
0.867,-0.74,-2.292
0.996,-0.723,-2.351
0.989,-0.715,-2.247
0.522,-0.736,-1.87
0.522,-0.736,-1.87
-0.251,-0.695,-1.857
-0.251,-0.695,-1.857
-0.794,-0.637,-2.13
-1.047,-0.557,-2.5
-1.264,-0.522,-2.839
-1.423,-0.426,-3.208
-1.598,-0.245,-3.485
-1.812,-0.043,-3.754
-1.835,0.113,-3.821
-1.761,0.23,-3.83
-1.721,0.452,-3.863
-1.66,0.668,-3.77
-1.574,0.798,-3.621
-1.447,0.89,-3.441
-1.447,0.89,-3.441
-1.215,0.95,-2.962
-1.091,0.928,-2.648
-0.982,0.843,-2.295
-0.914,0.769,-1.852
-0.812,0.657,-1.451
-0.658,0.422,-0.989
-0.565,0.286,-0.513
-0.507,0.207,-0.074
-0.605,0.263,0.419
-0.704,0.32,0.847
-0.758,0.305,1.288
-0.807,0.325,1.657
-0.81,0.363,1.91
-0.805,0.44,2.051
-0.678,0.487,2.115
-0.488,0.494,2.041
-0.205,0.443,1.923
-0.05,0.396,1.743
-0.12,0.548,1.479
-0.425,0.808,1.246
-0.695,0.996,1.186
-0.816,0.894,1.136
-0.715,0.657,1.104
-0.559,0.444,1.084
-0.418,0.298,1.177
-0.25,0.128,1.403
0.02,-0.148,1.775
0.241,-0.56,2.066
0.406,-0.981,2.159
0.436,-1.329,2.197
0.255,-1.436,1.977
-0.362,-1.322,1.504
-0.969,-1.077,0.86
-1.311,-0.998,0.22
-1.543,-0.886,-0.582
-1.822,-0.592,-1.341
-1.896,-0.394,-1.793
-1.9,-0.298,-2.29
-1.629,-0.361,-2.361
-1.368,-0.403,-2.464
-1.159,-0.506,-2.216
-0.884,-0.715,-1.847
-0.662,-0.947,-1.381
-0.537,-1.043,-0.968
-0.487,-1.071,-0.791
-0.422,-1.106,-0.666
-0.395,-1.13,-0.768
-0.427,-1.098,-0.984
-0.423,-1.006,-1.368
-0.392,-0.932,-1.759
-0.337,-0.819,-2.176
-0.277,-0.597,-2.555
-0.179,-0.434,-2.86
-0.081,-0.282,-3.074
0.005,-0.144,-3.174
0.103,-0.048,-3.211
0.133,0.099,-3.184
0.168,0.235,-3.108
0.236,0.333,-2.928
0.284,0.4,-2.616
0.385,0.477,-2.304
0.446,0.523,-1.946
0.537,0.532,-1.617
0.546,0.551,-1.265
0.645,0.513,-1.016
0.692,0.485,-0.794
0.734,0.493,-0.645
0.794,0.467,-0.434
0.765,0.459,-0.22
0.677,0.544,-0.106
0.499,0.567,-0.03
0.295,0.658,0.008
0.111,0.698,0.094
0.012,0.729,0.209
0.001,0.751,0.364
0.121,0.687,0.594
0.288,0.597,0.8
0.451,0.485,1.131
0.657,0.283,1.479
0.846,0.173,1.798
0.668,0.341,1.936
0.339,0.683,2.026
0.345,0.63,2.453
0.645,0.321,2.887
1.025,0.009,3.134
1.231,-0.139,3.362
1.5,-0.444,3.621
1.5,-0.444,3.621
2.067,-1.472,4.351
1.971,-1.631,4.274
1.649,-2.024,4.25
1.259,-2.064,3.753
1.259,-2.064,3.753
0.446,-1.542,2.063
0.4,-1.385,1.209
0.437,-1.226,0.339
0.434,-1.116,-0.131
0.513,-0.926,-0.75
0.85,-0.78,-1.311
1.254,-0.727,-1.742
1.632,-0.686,-2.075
1.811,-0.561,-2.269
1.835,-0.54,-2.339
1.714,-0.534,-2.318
1.453,-0.621,-2.331
1.032,-0.665,-2.304
0.548,-0.665,-2.297
0.06,-0.652,-2.389
-0.311,-0.639,-2.56
-0.652,-0.584,-2.812
-0.951,-0.441,-3.12
-1.304,-0.236,-3.594
-1.304,-0.236,-3.594
-1.626,0.154,-4.058
-1.709,0.404,-4.15
-1.709,0.404,-4.15
-1.685,0.659,-4.192
-1.685,0.659,-4.192
-1.622,0.875,-3.759
-1.604,0.958,-3.356
-1.604,0.958,-3.356
-1.491,1.013,-2.883
-1.35,1.063,-2.473
-1.212,1.01,-2.088
-1.089,1.006,-1.766
-0.95,0.913,-1.439
-0.811,0.824,-1.02
-0.749,0.663,-0.531
-0.725,0.512,-0.056
-0.711,0.344,0.387
-0.862,0.355,0.808
-1.078,0.444,1.138
-1.255,0.527,1.388
-1.369,0.599,1.605
-1.457,0.675,1.743
-1.437,0.72,1.734
-1.355,0.764,1.71
-1.179,0.784,1.715
-0.941,0.768,1.715
-0.815,0.686,1.667
-0.846,0.78,1.487
-0.95,0.907,1.387
-0.93,0.787,1.324
-0.732,0.485,1.246
-0.62,0.253,1.211
-0.552,0.181,1.308
-0.527,0.097,1.442
-0.428,-0.019,1.571
-0.376,-0.229,1.818
-0.294,-0.52,1.954
-0.1,-0.869,2.101
-0.1,-0.869,2.101
-0.082,-1.131,2.197
-0.47,-1.589,1.926
-0.947,-1.572,1.431
-1.455,-1.458,0.882
-1.788,-1.386,0.218
-1.887,-1.343,-0.404
-2.079,-1.124,-1.096
-2.145,-0.85,-1.562
-2.182,-0.713,-1.89
-2.125,-0.694,-2.122
-1.926,-0.776,-2.266
-1.721,-0.94,-2.08
-1.521,-1.082,-1.759
-1.268,-1.22,-1.32
-0.999,-1.315,-0.941
-0.833,-1.333,-0.636
-0.632,-1.333,-0.426
-0.381,-1.357,-0.374
-0.272,-1.261,-0.651
-0.202,-1.096,-0.941
-0.136,-0.913,-1.401
-0.036,-0.747,-1.902
0.064,-0.616,-2.313
0.176,-0.429,-2.588
0.232,-0.261,-2.851
0.285,-0.107,-2.981
0.297,0.058,-3.015
0.3,0.224,-2.983
0.376,0.324,-2.919
0.399,0.433,-2.795
0.375,0.511,-2.686
0.319,0.639,-2.61
0.303,0.735,-2.555
0.283,0.764,-2.474
0.298,0.829,-2.391
0.377,0.833,-2.271
0.487,0.842,-2.101
0.597,0.779,-1.798
0.734,0.652,-1.502
0.765,0.593,-1.139
0.702,0.612,-0.838
0.53,0.636,-0.553
0.389,0.663,-0.452
0.27,0.646,-0.309
0.182,0.666,-0.186
0.185,0.675,-0.069
0.292,0.598,0.039
0.354,0.47,0.233
0.485,0.327,0.502
0.735,0.113,0.835
0.913,-0.067,1.203
0.849,-0.054,1.523
0.576,0.171,1.774
0.348,0.358,2.075
0.44,0.262,2.478
0.783,-0.002,2.989
1.039,-0.071,3.313
1.039,-0.071,3.313
1.559,-0.203,3.864
1.881,-0.506,4.258
2.114,-0.837,4.489
2.226,-1.116,4.551
2.13,-1.393,4.468
1.925,-1.54,4.044
1.486,-1.389,3.116
1.073,-1.226,2.081
0.828,-1.078,1.181
0.644,-0.912,0.257
0.451,-0.735,-0.762
0.393,-0.626,-1.418
0.581,-0.446,-2.099
0.581,-0.446,-2.099
0.857,-0.363,-2.576
1.033,-0.457,-2.621
1.065,-0.558,-2.319
0.942,-0.66,-2.125
0.779,-0.696,-2.003
0.476,-0.783,-1.803
0.082,-0.863,-1.69
-0.303,-0.856,-1.725
-0.63,-0.824,-1.899
-0.908,-0.722,-2.213
-1.069,-0.597,-2.576
-1.224,-0.464,-2.972
-1.317,-0.299,-3.191
-1.4,-0.18,-3.424
-1.437,-0.014,-3.642
-1.459,0.149,-3.703
-1.432,0.257,-3.634
-1.376,0.423,-3.595
-1.345,0.522,-3.463
-1.332,0.654,-3.241
-1.284,0.694,-3.013
-1.153,0.807,-2.508
-1.153,0.807,-2.508
-1.091,0.785,-2.204
-0.966,0.719,-1.931
-0.873,0.549,-1.258
-0.873,0.549,-1.258
-0.757,0.41,-0.905
-0.728,0.242,-0.476
-0.733,0.142,0.035
-0.829,0.144,0.408
-1.097,0.254,0.786
-1.202,0.241,1.075
-1.356,0.344,1.188
-1.379,0.436,1.257
-1.328,0.52,1.21
-1.191,0.593,1.209
-1.025,0.63,1.242
-0.742,0.582,1.344
-0.475,0.478,1.451
-0.468,0.49,1.479
-0.744,0.726,1.47
-0.946,0.758,1.546
-0.963,0.557,1.687
-0.765,0.242,1.738
-0.545,0.063,1.894
-0.438,-0.024,2.227
-0.408,-0.239,2.538
-0.371,-0.412,2.7
-0.415,-0.579,2.913
-0.389,-0.995,3.232
-0.303,-1.343,3.467
-0.174,-1.758,3.379
-0.304,-1.873,3.186
-0.691,-1.747,2.564
-1.143,-1.507,1.652
-1.399,-1.372,0.721
-1.518,-1.193,-0.026
-1.836,-0.839,-0.855
-2.008,-0.555,-1.553
-2.017,-0.344,-2.014
-1.855,-0.214,-2.277
-1.574,-0.302,-2.293
-1.079,-0.475,-2.131
-0.694,-0.549,-1.691
-0.305,-0.681,-1.191
0.035,-0.849,-0.663
0.288,-1.018,-0.223
0.321,-1.136,0.068
0.231,-1.111,0.118
0.091,-1.061,-0.076
0.016,-1.035,-0.517
0.007,-0.968,-1.078
0.042,-0.842,-1.753
0.103,-0.684,-2.309
0.115,-0.53,-2.746
0.112,-0.456,-3.206
0.026,-0.322,-3.391
0.03,-0.252,-3.691
0.059,-0.162,-3.883
0.06,-0.032,-3.971
0.005,0.085,-4.011
-0.002,0.199,-4.004
-0.046,0.311,-3.946
-0.038,0.367,-3.806
0.003,0.462,-3.628
0.095,0.523,-3.324
0.259,0.52,-2.948
0.406,0.55,-2.734
0.526,0.599,-2.388
0.6,0.548,-2.038
0.616,0.547,-1.714
0.633,0.578,-1.508
0.529,0.672,-1.367
0.355,0.798,-1.137
0.196,0.901,-0.932
0.171,0.938,-0.741
0.204,0.919,-0.548
0.275,0.896,-0.394
0.402,0.823,-0.103
0.402,0.823,-0.103
0.75,0.538,0.548
0.96,0.352,0.891
0.972,0.23,1.314
0.925,0.116,1.695
0.719,0.093,1.911
0.435,0.226,2.176
0.345,0.217,2.497
0.612,-0.034,2.846
0.973,-0.206,3.128
1.015,-0.199,3.318
1.282,-0.395,3.575
1.459,-0.686,3.869
1.655,-0.962,4.293
1.743,-1.26,4.593
1.633,-1.51,4.59
1.429,-1.677,4.367
1.125,-1.746,3.685
0.788,-1.599,2.535
0.498,-1.405,1.572
0.461,-1.237,0.886
0.28,-0.939,-0.098
0.246,-0.713,-0.951
0.307,-0.626,-1.48
0.44,-0.483,-1.908
0.57,-0.404,-2.127
0.7,-0.407,-2.062
0.825,-0.448,-1.887
0.87,-0.561,-1.637
0.866,-0.639,-1.339
0.805,-0.706,-1.1
0.62,-0.75,-0.993
0.332,-0.773,-0.949
0.048,-0.764,-1.054
-0.324,-0.634,-1.583
-0.501,-0.533,-2.093
-0.605,-0.401,-2.561
-0.605,-0.401,-2.561
-0.759,-0.151,-3.096
-0.909,0.072,-3.562
-1.018,0.146,-3.68
-1.101,0.285,-3.731
-1.145,0.308,-3.659
-1.2,0.407,-3.607
-1.19,0.433,-3.362
-1.142,0.492,-3.129
-1.112,0.555,-2.917
-1.066,0.568,-2.697
-1.029,0.554,-2.463
-1.008,0.533,-2.305
-0.953,0.497,-2.115
-0.888,0.382,-1.751
-0.834,0.377,-1.442
-0.748,0.153,-0.588
-0.748,0.153,-0.588
-0.732,0.032,-0.128
-0.761,-0.068,0.181
-0.992,0.05,0.556
-1.184,0.032,0.904
-1.485,0.18,1.336
-1.485,0.18,1.336
-1.414,0.366,1.482
-1.225,0.426,1.462
-0.992,0.476,1.414
-0.755,0.436,1.472
-0.755,0.436,1.472
-0.567,0.309,1.475
-0.644,0.387,1.466
-0.952,0.691,1.464
-1.202,0.82,1.458
-1.205,0.697,1.507
-1.039,0.5,1.488
-0.829,0.38,1.505
-0.697,0.331,1.598
-0.648,0.257,1.872
-0.648,0.257,1.872
-0.393,-0.317,2.327
-0.154,-0.717,2.554
0.123,-1.171,2.859
0.107,-1.423,2.845
-0.009,-1.682,2.705
-0.417,-1.692,2.13
-1.156,-1.483,1.341
-1.544,-1.243,0.455
-1.647,-1.283,-0.203
-1.82,-0.943,-1.049
-1.953,-0.485,-1.832
-1.796,-0.285,-2.24
-1.433,-0.274,-2.535
-1.148,-0.232,-2.584
-0.738,-0.368,-2.33
-0.324,-0.613,-1.949
-0.074,-0.815,-1.53
0.079,-0.917,-1.025
0.286,-1.147,-0.578
0.371,-1.283,-0.262
0.381,-1.266,-0.154
0.304,-1.173,-0.292
0.289,-1.043,-0.681
0.251,-0.889,-1.229
0.288,-0.712,-1.84
0.213,-0.562,-2.393
0.187,-0.395,-2.836
0.202,-0.266,-3.196
0.234,-0.119,-3.396
0.263,-0.004,-3.393
0.322,0.1,-3.303
0.396,0.193,-3.115
0.461,0.268,-2.913
0.506,0.349,-2.707
0.525,0.46,-2.51
0.496,0.552,-2.336
0.471,0.641,-2.174
0.503,0.684,-1.99
0.515,0.695,-1.78
0.518,0.754,-1.623
0.504,0.699,-1.52
0.523,0.634,-1.229
0.466,0.641,-0.964
0.355,0.665,-0.773
0.238,0.666,-0.58
0.079,0.761,-0.384
-0.057,0.836,-0.156
-0.049,0.865,0.093
0.003,0.859,0.229
0.116,0.857,0.315
0.261,0.834,0.417
0.378,0.683,0.496
0.583,0.544,0.69
0.698,0.275,0.905
0.797,0.1,1.129
0.698,-0.024,1.353
0.381,0.087,1.452
-0.084,0.335,1.413
-0.292,0.411,1.469
0.067,0.143,1.454
0.44,-0.025,1.439
0.714,-0.028,1.555
0.904,-0.014,1.835
1.045,-0.247,2.16
1.047,-0.553,2.366
1.032,-0.883,2.72
0.992,-1.109,3.006
0.918,-1.269,2.807
0.772,-1.34,2.497
0.499,-1.163,1.963
0.326,-1.097,1.268
0.193,-0.961,0.549
0.062,-0.808,-0.037
0.042,-0.64,-0.661
0.047,-0.482,-1.165
0.126,-0.357,-1.314
0.224,-0.328,-1.353
0.457,-0.326,-1.308
0.743,-0.387,-1.091
0.934,-0.504,-0.865
0.964,-0.54,-0.576
0.876,-0.611,-0.457
0.672,-0.748,-0.383
0.43,-0.829,-0.446
0.002,-0.784,-0.554
-0.238,-0.759,-0.682
-0.415,-0.714,-0.904
-0.584,-0.531,-1.411
-0.715,-0.409,-1.641
-0.814,-0.298,-1.858
-1.039,-0.187,-1.947
-1.162,-0.097,-2.026
-1.232,-0.001,-2.179
-1.264,0.11,-2.258
-1.335,0.19,-2.381
-1.396,0.29,-2.541
-1.343,0.377,-2.46
-1.343,0.377,-2.46
-0.699,0.749,-2.638
-0.636,1.008,-2.499
-0.451,1.094,-1.795
-0.42,0.789,-1.288
-0.363,0.654,-0.93
-0.211,0.328,-0.627
-0.193,0.22,-0.725
-0.377,0.152,-0.715
-0.512,0.085,-0.348
-0.717,-0.031,-0.287
-0.869,-0.111,-0.212
-1.079,-0.02,-0.245
-1.219,0.022,-0.214
-1.237,0.121,-0.053
-1.178,0.275,0.109
-1.168,0.298,0.621
-0.988,0.132,1.397
-0.797,0.054,1.823
-0.381,-0.231,2.254
-0.381,-0.231,2.254
-0.2,-0.615,2.371
-0.2,-0.615,2.371
-0.403,-0.607,2.03
-1.014,-0.23,1.353
-1.014,-0.23,1.353
-1.051,-0.304,0.618
-1.051,-0.304,0.618
-0.96,-0.35,0.891
-0.936,-0.413,1.239
-0.767,-0.652,1.696
-0.465,-1.006,1.999
-0.096,-1.486,2.419
0.137,-1.829,2.537
0.025,-2.015,2.505
-0.203,-2.05,2.187
-0.493,-2.072,1.31
-0.884,-2.067,0.165
-1.204,-1.995,-0.778
-1.519,-1.593,-1.428
-1.634,-1.325,-1.883
-1.676,-1.009,-1.916
-1.737,-0.585,-1.67
-1.688,-0.273,-1.721
-1.688,-0.273,-1.721
-1.407,-0.209,-2.017
-0.668,-0.637,-1.858
-0.408,-0.921,-1.405
-0.347,-0.99,-0.972
-0.327,-0.983,-0.692
-0.178,-1.006,-0.604
-0.159,-0.94,-0.591
-0.236,-0.813,-0.67
-0.235,-0.684,-0.865
-0.108,-0.511,-1.177
-0.003,-0.333,-1.537
0.093,-0.18,-1.79
0.173,0.059,-2.022
0.136,0.265,-2.148
0.095,0.462,-2.208
0.049,0.515,-2.273
0.028,0.575,-2.318
0.059,0.614,-2.365
0.092,0.691,-2.315
0.117,0.718,-2.163
0.22,0.757,-1.91
0.27,0.764,-1.669
0.319,0.774,-1.503
0.41,0.736,-1.402
0.496,0.751,-1.097
0.612,0.767,-0.924
0.703,0.738,-0.816
0.741,0.644,-0.663
0.711,0.556,-0.556
0.678,0.574,-0.485
0.561,0.689,-0.441
0.451,0.809,-0.562
0.408,0.801,-0.565
0.379,0.851,-0.496
0.359,0.9,-0.38
0.364,0.893,-0.281
0.458,0.798,0.002
0.649,0.615,0.316
0.888,0.364,0.721
0.993,0.156,1.067
1.002,-0.059,1.296
0.828,-0.135,1.34
0.371,0.166,1.088
0.014,0.324,0.752
0.005,0.243,0.573
0.19,0.01,0.54
0.537,-0.172,0.699
0.815,-0.274,1.07
1.011,-0.425,1.844
1.117,-0.665,2.553
1.178,-1.028,2.946
1.204,-1.349,3.274
1.026,-1.433,3.517
0.892,-1.506,3.526
0.836,-1.556,3.359
0.87,-1.55,2.906
0.99,-1.552,2.248
0.99,-1.552,2.248
1.186,-1.231,1.02
1.198,-1.059,0.281
1.112,-0.919,-0.25
1.044,-0.796,-0.644
0.913,-0.673,-1.082
0.859,-0.582,-1.397
0.932,-0.521,-1.648
0.995,-0.484,-1.841
1.032,-0.483,-1.907
0.992,-0.523,-1.867
0.77,-0.588,-1.691
0.435,-0.658,-1.517
0.082,-0.753,-1.308
-0.295,-0.82,-1.173
-0.535,-0.793,-1.122
-0.688,-0.697,-1.106
-0.845,-0.561,-1.17
-0.928,-0.396,-1.367
-0.924,-0.279,-1.722
-0.973,-0.089,-1.972
-0.911,0.134,-2.256
-0.937,0.452,-2.377
-1.118,0.504,-2.514
-1.313,0.326,-3.261
-1.415,0.529,-2.82
-1.646,0.539,-2.31
-1.567,0.925,-2.368
-1.61,0.832,-2.414
-1.185,0.622,-2.948
-1.123,0.635,-3.311
-1.169,0.399,-2.731
